<?xml version="1.0" encoding="UTF-8"?>
<config xmlns="http://www.knime.org/2008/09/XMLConfig" xmlns:xsi="http://www.w3.org/2001/XMLSchema-instance" xsi:schemaLocation="http://www.knime.org/2008/09/XMLConfig http://www.knime.org/XMLConfig_2008_09.xsd" key="model.xml">
<entry key="version" type="xint" value="1"/>
<entry key="class_name" type="xstring" value="org.knime.base.data.normalize.NormalizerPortObject"/>
<config key="model">
<config key="columns">
<config key="age">
<entry key="column_name" type="xstring" value="age"/>
<entry key="column_scale" type="xdouble" value="0.07992564610987879"/>
<entry key="column_translate" type="xdouble" value="-3.207064394912724"/>
<entry key="column_min" type="xdouble" value="NaN"/>
<entry key="column_max" type="xdouble" value="NaN"/>
</config>
<config key="education-num">
<entry key="column_name" type="xstring" value="education-num"/>
<entry key="column_scale" type="xdouble" value="0.3941480971598694"/>
<entry key="column_translate" type="xdouble" value="-4.209877773565387"/>
<entry key="column_min" type="xdouble" value="NaN"/>
<entry key="column_max" type="xdouble" value="NaN"/>
</config>
<config key="capital-gain">
<entry key="column_name" type="xstring" value="capital-gain"/>
<entry key="column_scale" type="xdouble" value="9.543729297057902E-5"/>
<entry key="column_translate" type="xdouble" value="-0.23539654022130674"/>
<entry key="column_min" type="xdouble" value="NaN"/>
<entry key="column_max" type="xdouble" value="NaN"/>
</config>
<config key="capital-loss">
<entry key="column_name" type="xstring" value="capital-loss"/>
<entry key="column_scale" type="xdouble" value="0.0022060517577640183"/>
<entry key="column_translate" type="xdouble" value="-0.24993023529070962"/>
<entry key="column_min" type="xdouble" value="NaN"/>
<entry key="column_max" type="xdouble" value="NaN"/>
</config>
<config key="hours-per-week">
<entry key="column_name" type="xstring" value="hours-per-week"/>
<entry key="column_scale" type="xdouble" value="0.08622506475320484"/>
<entry key="column_translate" type="xdouble" value="-3.639517816853093"/>
<entry key="column_min" type="xdouble" value="NaN"/>
<entry key="column_max" type="xdouble" value="NaN"/>
</config>
</config>
<entry key="summary" type="xstring" value="Z-Score (Gaussian) normalization on 5 column(s)"/>
</config>
</config>
