<?xml version="1.0" encoding="UTF-8"?>
<config xmlns="http://www.knime.org/2008/09/XMLConfig" xmlns:xsi="http://www.w3.org/2001/XMLSchema-instance" xsi:schemaLocation="http://www.knime.org/2008/09/XMLConfig http://www.knime.org/XMLConfig_2008_09.xsd" key="MiningSchema">
<config key="learning">
<entry key="array-size" type="xint" value="20"/>
<entry key="0" type="xstring" value="age"/>
<entry key="1" type="xstring" value="education-num"/>
<entry key="2" type="xstring" value="capital-gain"/>
<entry key="3" type="xstring" value="capital-loss"/>
<entry key="4" type="xstring" value="hours-per-week"/>
<entry key="5" type="xstring" value="Never-married"/>
<entry key="6" type="xstring" value="Married-civ-spouse"/>
<entry key="7" type="xstring" value="Divorced"/>
<entry key="8" type="xstring" value="Married-spouse-absent"/>
<entry key="9" type="xstring" value="Separated"/>
<entry key="10" type="xstring" value="Married-AF-spouse"/>
<entry key="11" type="xstring" value="Widowed"/>
<entry key="12" type="xstring" value="Not-in-family"/>
<entry key="13" type="xstring" value="Husband"/>
<entry key="14" type="xstring" value="Wife"/>
<entry key="15" type="xstring" value="Own-child"/>
<entry key="16" type="xstring" value="Unmarried"/>
<entry key="17" type="xstring" value="Other-relative"/>
<entry key="18" type="xstring" value="Male"/>
<entry key="19" type="xstring" value="Female"/>
</config>
<config key="target">
<entry key="array-size" type="xint" value="1"/>
<entry key="0" type="xstring" value="class"/>
</config>
</config>
