<?xml version="1.0" encoding="UTF-8"?>
<config xmlns="http://www.knime.org/2008/09/XMLConfig" xmlns:xsi="http://www.w3.org/2001/XMLSchema-instance" xsi:schemaLocation="http://www.knime.org/2008/09/XMLConfig http://www.knime.org/XMLConfig_2008_09.xsd" key="model.xml">
<entry key="version" type="xint" value="1"/>
<entry key="class_name" type="xstring" value="org.knime.base.data.normalize.NormalizerPortObject"/>
<config key="model">
<config key="columns">
<config key="age">
<entry key="column_name" type="xstring" value="age"/>
<entry key="column_scale" type="xdouble" value="0.07712457846037961"/>
<entry key="column_translate" type="xdouble" value="-3.1358122532117787"/>
<entry key="column_min" type="xdouble" value="NaN"/>
<entry key="column_max" type="xdouble" value="NaN"/>
</config>
<config key="education-num">
<entry key="column_name" type="xstring" value="education-num"/>
<entry key="column_scale" type="xdouble" value="0.38375415609577707"/>
<entry key="column_translate" type="xdouble" value="-4.067064888947171"/>
<entry key="column_min" type="xdouble" value="NaN"/>
<entry key="column_max" type="xdouble" value="NaN"/>
</config>
<config key="capital-gain">
<entry key="column_name" type="xstring" value="capital-gain"/>
<entry key="column_scale" type="xdouble" value="9.249550841812778E-5"/>
<entry key="column_translate" type="xdouble" value="-0.19791116721449814"/>
<entry key="column_min" type="xdouble" value="NaN"/>
<entry key="column_max" type="xdouble" value="NaN"/>
</config>
<config key="capital-loss">
<entry key="column_name" type="xstring" value="capital-loss"/>
<entry key="column_scale" type="xdouble" value="0.0021443333718281143"/>
<entry key="column_translate" type="xdouble" value="-0.2509109245334962"/>
<entry key="column_min" type="xdouble" value="NaN"/>
<entry key="column_max" type="xdouble" value="NaN"/>
</config>
<config key="hours-per-week">
<entry key="column_name" type="xstring" value="hours-per-week"/>
<entry key="column_scale" type="xdouble" value="0.08218356696188084"/>
<entry key="column_translate" type="xdouble" value="-3.4571533332465525"/>
<entry key="column_min" type="xdouble" value="NaN"/>
<entry key="column_max" type="xdouble" value="NaN"/>
</config>
</config>
<entry key="summary" type="xstring" value="Z-Score (Gaussian) normalization on 5 column(s)"/>
</config>
</config>
