<?xml version="1.0" encoding="UTF-8"?>
<config xmlns="http://www.knime.org/2008/09/XMLConfig" xmlns:xsi="http://www.w3.org/2001/XMLSchema-instance" xsi:schemaLocation="http://www.knime.org/2008/09/XMLConfig http://www.knime.org/XMLConfig_2008_09.xsd" key="model.xml">
<entry key="version" type="xint" value="1"/>
<entry key="class_name" type="xstring" value="org.knime.base.node.mine.bfn.radial.RadialBasisFunctionPortObject"/>
<config key="model">
<config key="rules">
<config key="Rule_1">
<entry key="row_id" type="xstring" value="Rule_1"/>
<config key="class_label">
<entry key="datacell" type="xstring" value="org.knime.core.data.def.StringCell"/>
<config key="org.knime.core.data.def.StringCell">
<entry key="StringCell" type="xstring" value="Iris-setosa"/>
</config>
</config>
<entry key="dont_know_class" type="xdouble" value="0.75"/>
<entry key="correct_covered" type="xint" value="14"/>
<entry key="wrong_covered" type="xint" value="0"/>
<entry key="within-cluster_variance" type="xdouble" value="4.579999999999997"/>
<config key="center">
<entry key="array-size" type="xint" value="4"/>
<entry key="0" type="xdouble" value="5.1"/>
<entry key="1" type="xdouble" value="3.5"/>
<entry key="2" type="xdouble" value="1.4"/>
<entry key="3" type="xdouble" value="0.2"/>
</config>
<entry key="distance" type="xint" value="0"/>
<entry key="not_shrunk" type="xboolean" value="false"/>
<entry key="standard_deviation" type="xdouble" value="3.8974838038070474"/>
</config>
<config key="Rule_13">
<entry key="row_id" type="xstring" value="Rule_13"/>
<config key="class_label">
<entry key="datacell" type="xstring" value="org.knime.core.data.def.StringCell"/>
<config key="org.knime.core.data.def.StringCell">
<entry key="StringCell" type="xstring" value="Iris-setosa"/>
</config>
</config>
<entry key="dont_know_class" type="xdouble" value="0.75"/>
<entry key="correct_covered" type="xint" value="20"/>
<entry key="wrong_covered" type="xint" value="0"/>
<entry key="within-cluster_variance" type="xdouble" value="12.969999999999999"/>
<config key="center">
<entry key="array-size" type="xint" value="4"/>
<entry key="0" type="xdouble" value="5.8"/>
<entry key="1" type="xdouble" value="4.0"/>
<entry key="2" type="xdouble" value="1.2"/>
<entry key="3" type="xdouble" value="0.2"/>
</config>
<entry key="distance" type="xint" value="0"/>
<entry key="not_shrunk" type="xboolean" value="false"/>
<entry key="standard_deviation" type="xdouble" value="4.858234657069499"/>
</config>
<config key="Rule_14">
<entry key="row_id" type="xstring" value="Rule_14"/>
<config key="class_label">
<entry key="datacell" type="xstring" value="org.knime.core.data.def.StringCell"/>
<config key="org.knime.core.data.def.StringCell">
<entry key="StringCell" type="xstring" value="Iris-setosa"/>
</config>
</config>
<entry key="dont_know_class" type="xdouble" value="0.75"/>
<entry key="correct_covered" type="xint" value="1"/>
<entry key="wrong_covered" type="xint" value="0"/>
<entry key="within-cluster_variance" type="xdouble" value="0.0"/>
<config key="center">
<entry key="array-size" type="xint" value="4"/>
<entry key="0" type="xdouble" value="4.5"/>
<entry key="1" type="xdouble" value="2.3"/>
<entry key="2" type="xdouble" value="1.3"/>
<entry key="3" type="xdouble" value="0.3"/>
</config>
<entry key="distance" type="xint" value="0"/>
<entry key="not_shrunk" type="xboolean" value="false"/>
<entry key="standard_deviation" type="xdouble" value="3.696067345484126"/>
</config>
<config key="Rule_2">
<entry key="row_id" type="xstring" value="Rule_2"/>
<config key="class_label">
<entry key="datacell" type="xstring" value="org.knime.core.data.def.StringCell"/>
<config key="org.knime.core.data.def.StringCell">
<entry key="StringCell" type="xstring" value="Iris-versicolor"/>
</config>
</config>
<entry key="dont_know_class" type="xdouble" value="0.75"/>
<entry key="correct_covered" type="xint" value="3"/>
<entry key="wrong_covered" type="xint" value="0"/>
<entry key="within-cluster_variance" type="xdouble" value="0.18"/>
<config key="center">
<entry key="array-size" type="xint" value="4"/>
<entry key="0" type="xdouble" value="7.0"/>
<entry key="1" type="xdouble" value="3.2"/>
<entry key="2" type="xdouble" value="4.7"/>
<entry key="3" type="xdouble" value="1.4"/>
</config>
<entry key="distance" type="xint" value="0"/>
<entry key="not_shrunk" type="xboolean" value="false"/>
<entry key="standard_deviation" type="xdouble" value="1.6360213362063156"/>
</config>
<config key="Rule_3">
<entry key="row_id" type="xstring" value="Rule_3"/>
<config key="class_label">
<entry key="datacell" type="xstring" value="org.knime.core.data.def.StringCell"/>
<config key="org.knime.core.data.def.StringCell">
<entry key="StringCell" type="xstring" value="Iris-versicolor"/>
</config>
</config>
<entry key="dont_know_class" type="xdouble" value="0.75"/>
<entry key="correct_covered" type="xint" value="5"/>
<entry key="wrong_covered" type="xint" value="0"/>
<entry key="within-cluster_variance" type="xdouble" value="0.8999999999999992"/>
<config key="center">
<entry key="array-size" type="xint" value="4"/>
<entry key="0" type="xdouble" value="4.9"/>
<entry key="1" type="xdouble" value="2.4"/>
<entry key="2" type="xdouble" value="3.3"/>
<entry key="3" type="xdouble" value="1.0"/>
</config>
<entry key="distance" type="xint" value="0"/>
<entry key="not_shrunk" type="xboolean" value="false"/>
<entry key="standard_deviation" type="xdouble" value="3.566844229598887"/>
</config>
<config key="Rule_15">
<entry key="row_id" type="xstring" value="Rule_15"/>
<config key="class_label">
<entry key="datacell" type="xstring" value="org.knime.core.data.def.StringCell"/>
<config key="org.knime.core.data.def.StringCell">
<entry key="StringCell" type="xstring" value="Iris-versicolor"/>
</config>
</config>
<entry key="dont_know_class" type="xdouble" value="0.75"/>
<entry key="correct_covered" type="xint" value="1"/>
<entry key="wrong_covered" type="xint" value="0"/>
<entry key="within-cluster_variance" type="xdouble" value="0.0"/>
<config key="center">
<entry key="array-size" type="xint" value="4"/>
<entry key="0" type="xdouble" value="6.4"/>
<entry key="1" type="xdouble" value="3.2"/>
<entry key="2" type="xdouble" value="4.5"/>
<entry key="3" type="xdouble" value="1.5"/>
</config>
<entry key="distance" type="xint" value="0"/>
<entry key="not_shrunk" type="xboolean" value="false"/>
<entry key="standard_deviation" type="xdouble" value="1.1493052722306811"/>
</config>
<config key="Rule_16">
<entry key="row_id" type="xstring" value="Rule_16"/>
<config key="class_label">
<entry key="datacell" type="xstring" value="org.knime.core.data.def.StringCell"/>
<config key="org.knime.core.data.def.StringCell">
<entry key="StringCell" type="xstring" value="Iris-versicolor"/>
</config>
</config>
<entry key="dont_know_class" type="xdouble" value="0.75"/>
<entry key="correct_covered" type="xint" value="1"/>
<entry key="wrong_covered" type="xint" value="0"/>
<entry key="within-cluster_variance" type="xdouble" value="0.0"/>
<config key="center">
<entry key="array-size" type="xint" value="4"/>
<entry key="0" type="xdouble" value="6.5"/>
<entry key="1" type="xdouble" value="2.8"/>
<entry key="2" type="xdouble" value="4.6"/>
<entry key="3" type="xdouble" value="1.5"/>
</config>
<entry key="distance" type="xint" value="0"/>
<entry key="not_shrunk" type="xboolean" value="false"/>
<entry key="standard_deviation" type="xdouble" value="0.8744901882194481"/>
</config>
<config key="Rule_17">
<entry key="row_id" type="xstring" value="Rule_17"/>
<config key="class_label">
<entry key="datacell" type="xstring" value="org.knime.core.data.def.StringCell"/>
<config key="org.knime.core.data.def.StringCell">
<entry key="StringCell" type="xstring" value="Iris-versicolor"/>
</config>
</config>
<entry key="dont_know_class" type="xdouble" value="0.75"/>
<entry key="correct_covered" type="xint" value="1"/>
<entry key="wrong_covered" type="xint" value="0"/>
<entry key="within-cluster_variance" type="xdouble" value="0.0"/>
<config key="center">
<entry key="array-size" type="xint" value="4"/>
<entry key="0" type="xdouble" value="5.7"/>
<entry key="1" type="xdouble" value="2.8"/>
<entry key="2" type="xdouble" value="4.5"/>
<entry key="3" type="xdouble" value="1.3"/>
</config>
<entry key="distance" type="xint" value="0"/>
<entry key="not_shrunk" type="xboolean" value="false"/>
<entry key="standard_deviation" type="xdouble" value="1.278181506472237"/>
</config>
<config key="Rule_18">
<entry key="row_id" type="xstring" value="Rule_18"/>
<config key="class_label">
<entry key="datacell" type="xstring" value="org.knime.core.data.def.StringCell"/>
<config key="org.knime.core.data.def.StringCell">
<entry key="StringCell" type="xstring" value="Iris-versicolor"/>
</config>
</config>
<entry key="dont_know_class" type="xdouble" value="0.75"/>
<entry key="correct_covered" type="xint" value="2"/>
<entry key="wrong_covered" type="xint" value="0"/>
<entry key="within-cluster_variance" type="xdouble" value="0.2599999999999997"/>
<config key="center">
<entry key="array-size" type="xint" value="4"/>
<entry key="0" type="xdouble" value="5.2"/>
<entry key="1" type="xdouble" value="2.7"/>
<entry key="2" type="xdouble" value="3.9"/>
<entry key="3" type="xdouble" value="1.4"/>
</config>
<entry key="distance" type="xint" value="0"/>
<entry key="not_shrunk" type="xboolean" value="false"/>
<entry key="standard_deviation" type="xdouble" value="2.30615936788349"/>
</config>
<config key="Rule_20">
<entry key="row_id" type="xstring" value="Rule_20"/>
<config key="class_label">
<entry key="datacell" type="xstring" value="org.knime.core.data.def.StringCell"/>
<config key="org.knime.core.data.def.StringCell">
<entry key="StringCell" type="xstring" value="Iris-versicolor"/>
</config>
</config>
<entry key="dont_know_class" type="xdouble" value="0.75"/>
<entry key="correct_covered" type="xint" value="1"/>
<entry key="wrong_covered" type="xint" value="0"/>
<entry key="within-cluster_variance" type="xdouble" value="0.0"/>
<config key="center">
<entry key="array-size" type="xint" value="4"/>
<entry key="0" type="xdouble" value="6.0"/>
<entry key="1" type="xdouble" value="2.2"/>
<entry key="2" type="xdouble" value="4.0"/>
<entry key="3" type="xdouble" value="1.0"/>
</config>
<entry key="distance" type="xint" value="0"/>
<entry key="not_shrunk" type="xboolean" value="false"/>
<entry key="standard_deviation" type="xdouble" value="2.4165636665716272"/>
</config>
<config key="Rule_21">
<entry key="row_id" type="xstring" value="Rule_21"/>
<config key="class_label">
<entry key="datacell" type="xstring" value="org.knime.core.data.def.StringCell"/>
<config key="org.knime.core.data.def.StringCell">
<entry key="StringCell" type="xstring" value="Iris-versicolor"/>
</config>
</config>
<entry key="dont_know_class" type="xdouble" value="0.75"/>
<entry key="correct_covered" type="xint" value="2"/>
<entry key="wrong_covered" type="xint" value="0"/>
<entry key="within-cluster_variance" type="xdouble" value="0.09999999999999987"/>
<config key="center">
<entry key="array-size" type="xint" value="4"/>
<entry key="0" type="xdouble" value="6.7"/>
<entry key="1" type="xdouble" value="3.1"/>
<entry key="2" type="xdouble" value="4.4"/>
<entry key="3" type="xdouble" value="1.4"/>
</config>
<entry key="distance" type="xint" value="0"/>
<entry key="not_shrunk" type="xboolean" value="false"/>
<entry key="standard_deviation" type="xdouble" value="1.5146614367165545"/>
</config>
<config key="Rule_22">
<entry key="row_id" type="xstring" value="Rule_22"/>
<config key="class_label">
<entry key="datacell" type="xstring" value="org.knime.core.data.def.StringCell"/>
<config key="org.knime.core.data.def.StringCell">
<entry key="StringCell" type="xstring" value="Iris-versicolor"/>
</config>
</config>
<entry key="dont_know_class" type="xdouble" value="0.75"/>
<entry key="correct_covered" type="xint" value="1"/>
<entry key="wrong_covered" type="xint" value="0"/>
<entry key="within-cluster_variance" type="xdouble" value="0.0"/>
<config key="center">
<entry key="array-size" type="xint" value="4"/>
<entry key="0" type="xdouble" value="6.3"/>
<entry key="1" type="xdouble" value="2.5"/>
<entry key="2" type="xdouble" value="4.9"/>
<entry key="3" type="xdouble" value="1.5"/>
</config>
<entry key="distance" type="xint" value="0"/>
<entry key="not_shrunk" type="xboolean" value="false"/>
<entry key="standard_deviation" type="xdouble" value="0.6722259550044816"/>
</config>
<config key="Rule_23">
<entry key="row_id" type="xstring" value="Rule_23"/>
<config key="class_label">
<entry key="datacell" type="xstring" value="org.knime.core.data.def.StringCell"/>
<config key="org.knime.core.data.def.StringCell">
<entry key="StringCell" type="xstring" value="Iris-versicolor"/>
</config>
</config>
<entry key="dont_know_class" type="xdouble" value="0.75"/>
<entry key="correct_covered" type="xint" value="1"/>
<entry key="wrong_covered" type="xint" value="0"/>
<entry key="within-cluster_variance" type="xdouble" value="0.0"/>
<config key="center">
<entry key="array-size" type="xint" value="4"/>
<entry key="0" type="xdouble" value="6.1"/>
<entry key="1" type="xdouble" value="2.8"/>
<entry key="2" type="xdouble" value="4.7"/>
<entry key="3" type="xdouble" value="1.2"/>
</config>
<entry key="distance" type="xint" value="0"/>
<entry key="not_shrunk" type="xboolean" value="false"/>
<entry key="standard_deviation" type="xdouble" value="1.149305272230681"/>
</config>
<config key="Rule_24">
<entry key="row_id" type="xstring" value="Rule_24"/>
<config key="class_label">
<entry key="datacell" type="xstring" value="org.knime.core.data.def.StringCell"/>
<config key="org.knime.core.data.def.StringCell">
<entry key="StringCell" type="xstring" value="Iris-versicolor"/>
</config>
</config>
<entry key="dont_know_class" type="xdouble" value="0.75"/>
<entry key="correct_covered" type="xint" value="5"/>
<entry key="wrong_covered" type="xint" value="0"/>
<entry key="within-cluster_variance" type="xdouble" value="1.1099999999999999"/>
<config key="center">
<entry key="array-size" type="xint" value="4"/>
<entry key="0" type="xdouble" value="5.7"/>
<entry key="1" type="xdouble" value="2.6"/>
<entry key="2" type="xdouble" value="3.5"/>
<entry key="3" type="xdouble" value="1.0"/>
</config>
<entry key="distance" type="xint" value="0"/>
<entry key="not_shrunk" type="xboolean" value="false"/>
<entry key="standard_deviation" type="xdouble" value="2.9947009035458105"/>
</config>
<config key="Rule_25">
<entry key="row_id" type="xstring" value="Rule_25"/>
<config key="class_label">
<entry key="datacell" type="xstring" value="org.knime.core.data.def.StringCell"/>
<config key="org.knime.core.data.def.StringCell">
<entry key="StringCell" type="xstring" value="Iris-versicolor"/>
</config>
</config>
<entry key="dont_know_class" type="xdouble" value="0.75"/>
<entry key="correct_covered" type="xint" value="2"/>
<entry key="wrong_covered" type="xint" value="0"/>
<entry key="within-cluster_variance" type="xdouble" value="0.039999999999999716"/>
<config key="center">
<entry key="array-size" type="xint" value="4"/>
<entry key="0" type="xdouble" value="5.4"/>
<entry key="1" type="xdouble" value="3.0"/>
<entry key="2" type="xdouble" value="4.5"/>
<entry key="3" type="xdouble" value="1.5"/>
</config>
<entry key="distance" type="xint" value="0"/>
<entry key="not_shrunk" type="xboolean" value="false"/>
<entry key="standard_deviation" type="xdouble" value="1.3050935420203726"/>
</config>
<config key="Rule_26">
<entry key="row_id" type="xstring" value="Rule_26"/>
<config key="class_label">
<entry key="datacell" type="xstring" value="org.knime.core.data.def.StringCell"/>
<config key="org.knime.core.data.def.StringCell">
<entry key="StringCell" type="xstring" value="Iris-versicolor"/>
</config>
</config>
<entry key="dont_know_class" type="xdouble" value="0.75"/>
<entry key="correct_covered" type="xint" value="1"/>
<entry key="wrong_covered" type="xint" value="0"/>
<entry key="within-cluster_variance" type="xdouble" value="0.0"/>
<config key="center">
<entry key="array-size" type="xint" value="4"/>
<entry key="0" type="xdouble" value="6.0"/>
<entry key="1" type="xdouble" value="3.4"/>
<entry key="2" type="xdouble" value="4.5"/>
<entry key="3" type="xdouble" value="1.6"/>
</config>
<entry key="distance" type="xint" value="0"/>
<entry key="not_shrunk" type="xboolean" value="false"/>
<entry key="standard_deviation" type="xdouble" value="1.0040205446438035"/>
</config>
<config key="Rule_39">
<entry key="row_id" type="xstring" value="Rule_39"/>
<config key="class_label">
<entry key="datacell" type="xstring" value="org.knime.core.data.def.StringCell"/>
<config key="org.knime.core.data.def.StringCell">
<entry key="StringCell" type="xstring" value="Iris-versicolor"/>
</config>
</config>
<entry key="dont_know_class" type="xdouble" value="0.75"/>
<entry key="correct_covered" type="xint" value="2"/>
<entry key="wrong_covered" type="xint" value="0"/>
<entry key="within-cluster_variance" type="xdouble" value="0.11000000000000003"/>
<config key="center">
<entry key="array-size" type="xint" value="4"/>
<entry key="0" type="xdouble" value="6.1"/>
<entry key="1" type="xdouble" value="2.8"/>
<entry key="2" type="xdouble" value="4.0"/>
<entry key="3" type="xdouble" value="1.3"/>
</config>
<entry key="distance" type="xint" value="0"/>
<entry key="not_shrunk" type="xboolean" value="false"/>
<entry key="standard_deviation" type="xdouble" value="1.7687434938690194"/>
</config>
<config key="Rule_40">
<entry key="row_id" type="xstring" value="Rule_40"/>
<config key="class_label">
<entry key="datacell" type="xstring" value="org.knime.core.data.def.StringCell"/>
<config key="org.knime.core.data.def.StringCell">
<entry key="StringCell" type="xstring" value="Iris-versicolor"/>
</config>
</config>
<entry key="dont_know_class" type="xdouble" value="0.75"/>
<entry key="correct_covered" type="xint" value="1"/>
<entry key="wrong_covered" type="xint" value="0"/>
<entry key="within-cluster_variance" type="xdouble" value="0.0"/>
<config key="center">
<entry key="array-size" type="xint" value="4"/>
<entry key="0" type="xdouble" value="6.4"/>
<entry key="1" type="xdouble" value="2.9"/>
<entry key="2" type="xdouble" value="4.3"/>
<entry key="3" type="xdouble" value="1.3"/>
</config>
<entry key="distance" type="xint" value="0"/>
<entry key="not_shrunk" type="xboolean" value="false"/>
<entry key="standard_deviation" type="xdouble" value="1.382690393121401"/>
</config>
<config key="Rule_41">
<entry key="row_id" type="xstring" value="Rule_41"/>
<config key="class_label">
<entry key="datacell" type="xstring" value="org.knime.core.data.def.StringCell"/>
<config key="org.knime.core.data.def.StringCell">
<entry key="StringCell" type="xstring" value="Iris-versicolor"/>
</config>
</config>
<entry key="dont_know_class" type="xdouble" value="0.75"/>
<entry key="correct_covered" type="xint" value="1"/>
<entry key="wrong_covered" type="xint" value="0"/>
<entry key="within-cluster_variance" type="xdouble" value="0.0"/>
<config key="center">
<entry key="array-size" type="xint" value="4"/>
<entry key="0" type="xdouble" value="6.0"/>
<entry key="1" type="xdouble" value="2.9"/>
<entry key="2" type="xdouble" value="4.5"/>
<entry key="3" type="xdouble" value="1.5"/>
</config>
<entry key="distance" type="xint" value="0"/>
<entry key="not_shrunk" type="xboolean" value="false"/>
<entry key="standard_deviation" type="xdouble" value="0.8126815516477651"/>
</config>
<config key="Rule_42">
<entry key="row_id" type="xstring" value="Rule_42"/>
<config key="class_label">
<entry key="datacell" type="xstring" value="org.knime.core.data.def.StringCell"/>
<config key="org.knime.core.data.def.StringCell">
<entry key="StringCell" type="xstring" value="Iris-versicolor"/>
</config>
</config>
<entry key="dont_know_class" type="xdouble" value="0.75"/>
<entry key="correct_covered" type="xint" value="5"/>
<entry key="wrong_covered" type="xint" value="0"/>
<entry key="within-cluster_variance" type="xdouble" value="0.2500000000000011"/>
<config key="center">
<entry key="array-size" type="xint" value="4"/>
<entry key="0" type="xdouble" value="5.6"/>
<entry key="1" type="xdouble" value="3.0"/>
<entry key="2" type="xdouble" value="4.1"/>
<entry key="3" type="xdouble" value="1.3"/>
</config>
<entry key="distance" type="xint" value="0"/>
<entry key="not_shrunk" type="xboolean" value="false"/>
<entry key="standard_deviation" type="xdouble" value="1.7687434938690203"/>
</config>
<config key="Rule_4">
<entry key="row_id" type="xstring" value="Rule_4"/>
<config key="class_label">
<entry key="datacell" type="xstring" value="org.knime.core.data.def.StringCell"/>
<config key="org.knime.core.data.def.StringCell">
<entry key="StringCell" type="xstring" value="Iris-virginica"/>
</config>
</config>
<entry key="dont_know_class" type="xdouble" value="0.75"/>
<entry key="correct_covered" type="xint" value="5"/>
<entry key="wrong_covered" type="xint" value="0"/>
<entry key="within-cluster_variance" type="xdouble" value="1.2200000000000004"/>
<config key="center">
<entry key="array-size" type="xint" value="4"/>
<entry key="0" type="xdouble" value="6.3"/>
<entry key="1" type="xdouble" value="3.3"/>
<entry key="2" type="xdouble" value="6.0"/>
<entry key="3" type="xdouble" value="2.5"/>
</config>
<entry key="distance" type="xint" value="0"/>
<entry key="not_shrunk" type="xboolean" value="false"/>
<entry key="standard_deviation" type="xdouble" value="3.012061633931411"/>
</config>
<config key="Rule_5">
<entry key="row_id" type="xstring" value="Rule_5"/>
<config key="class_label">
<entry key="datacell" type="xstring" value="org.knime.core.data.def.StringCell"/>
<config key="org.knime.core.data.def.StringCell">
<entry key="StringCell" type="xstring" value="Iris-virginica"/>
</config>
</config>
<entry key="dont_know_class" type="xdouble" value="0.75"/>
<entry key="correct_covered" type="xint" value="3"/>
<entry key="wrong_covered" type="xint" value="0"/>
<entry key="within-cluster_variance" type="xdouble" value="0.06999999999999995"/>
<config key="center">
<entry key="array-size" type="xint" value="4"/>
<entry key="0" type="xdouble" value="5.8"/>
<entry key="1" type="xdouble" value="2.7"/>
<entry key="2" type="xdouble" value="5.1"/>
<entry key="3" type="xdouble" value="1.9"/>
</config>
<entry key="distance" type="xint" value="0"/>
<entry key="not_shrunk" type="xboolean" value="false"/>
<entry key="standard_deviation" type="xdouble" value="1.3050935420203722"/>
</config>
<config key="Rule_6">
<entry key="row_id" type="xstring" value="Rule_6"/>
<config key="class_label">
<entry key="datacell" type="xstring" value="org.knime.core.data.def.StringCell"/>
<config key="org.knime.core.data.def.StringCell">
<entry key="StringCell" type="xstring" value="Iris-virginica"/>
</config>
</config>
<entry key="dont_know_class" type="xdouble" value="0.75"/>
<entry key="correct_covered" type="xint" value="2"/>
<entry key="wrong_covered" type="xint" value="0"/>
<entry key="within-cluster_variance" type="xdouble" value="0.2500000000000001"/>
<config key="center">
<entry key="array-size" type="xint" value="4"/>
<entry key="0" type="xdouble" value="7.1"/>
<entry key="1" type="xdouble" value="3.0"/>
<entry key="2" type="xdouble" value="5.9"/>
<entry key="3" type="xdouble" value="2.1"/>
</config>
<entry key="distance" type="xint" value="0"/>
<entry key="not_shrunk" type="xboolean" value="false"/>
<entry key="standard_deviation" type="xdouble" value="2.2138753105048425"/>
</config>
<config key="Rule_7">
<entry key="row_id" type="xstring" value="Rule_7"/>
<config key="class_label">
<entry key="datacell" type="xstring" value="org.knime.core.data.def.StringCell"/>
<config key="org.knime.core.data.def.StringCell">
<entry key="StringCell" type="xstring" value="Iris-virginica"/>
</config>
</config>
<entry key="dont_know_class" type="xdouble" value="0.75"/>
<entry key="correct_covered" type="xint" value="2"/>
<entry key="wrong_covered" type="xint" value="0"/>
<entry key="within-cluster_variance" type="xdouble" value="0.11000000000000014"/>
<config key="center">
<entry key="array-size" type="xint" value="4"/>
<entry key="0" type="xdouble" value="6.3"/>
<entry key="1" type="xdouble" value="2.9"/>
<entry key="2" type="xdouble" value="5.6"/>
<entry key="3" type="xdouble" value="1.8"/>
</config>
<entry key="distance" type="xint" value="0"/>
<entry key="not_shrunk" type="xboolean" value="false"/>
<entry key="standard_deviation" type="xdouble" value="1.6038341646251428"/>
</config>
<config key="Rule_8">
<entry key="row_id" type="xstring" value="Rule_8"/>
<config key="class_label">
<entry key="datacell" type="xstring" value="org.knime.core.data.def.StringCell"/>
<config key="org.knime.core.data.def.StringCell">
<entry key="StringCell" type="xstring" value="Iris-virginica"/>
</config>
</config>
<entry key="dont_know_class" type="xdouble" value="0.75"/>
<entry key="correct_covered" type="xint" value="2"/>
<entry key="wrong_covered" type="xint" value="0"/>
<entry key="within-cluster_variance" type="xdouble" value="0.37000000000000066"/>
<config key="center">
<entry key="array-size" type="xint" value="4"/>
<entry key="0" type="xdouble" value="7.6"/>
<entry key="1" type="xdouble" value="3.0"/>
<entry key="2" type="xdouble" value="6.6"/>
<entry key="3" type="xdouble" value="2.1"/>
</config>
<entry key="distance" type="xint" value="0"/>
<entry key="not_shrunk" type="xboolean" value="false"/>
<entry key="standard_deviation" type="xdouble" value="3.6104325382055356"/>
</config>
<config key="Rule_9">
<entry key="row_id" type="xstring" value="Rule_9"/>
<config key="class_label">
<entry key="datacell" type="xstring" value="org.knime.core.data.def.StringCell"/>
<config key="org.knime.core.data.def.StringCell">
<entry key="StringCell" type="xstring" value="Iris-virginica"/>
</config>
</config>
<entry key="dont_know_class" type="xdouble" value="0.75"/>
<entry key="correct_covered" type="xint" value="1"/>
<entry key="wrong_covered" type="xint" value="0"/>
<entry key="within-cluster_variance" type="xdouble" value="0.0"/>
<config key="center">
<entry key="array-size" type="xint" value="4"/>
<entry key="0" type="xdouble" value="6.7"/>
<entry key="1" type="xdouble" value="2.5"/>
<entry key="2" type="xdouble" value="5.8"/>
<entry key="3" type="xdouble" value="1.8"/>
</config>
<entry key="distance" type="xint" value="0"/>
<entry key="not_shrunk" type="xboolean" value="false"/>
<entry key="standard_deviation" type="xdouble" value="1.9195372011474896"/>
</config>
<config key="Rule_10">
<entry key="row_id" type="xstring" value="Rule_10"/>
<config key="class_label">
<entry key="datacell" type="xstring" value="org.knime.core.data.def.StringCell"/>
<config key="org.knime.core.data.def.StringCell">
<entry key="StringCell" type="xstring" value="Iris-virginica"/>
</config>
</config>
<entry key="dont_know_class" type="xdouble" value="0.75"/>
<entry key="correct_covered" type="xint" value="1"/>
<entry key="wrong_covered" type="xint" value="0"/>
<entry key="within-cluster_variance" type="xdouble" value="0.4"/>
<config key="center">
<entry key="array-size" type="xint" value="4"/>
<entry key="0" type="xdouble" value="7.2"/>
<entry key="1" type="xdouble" value="3.6"/>
<entry key="2" type="xdouble" value="6.1"/>
<entry key="3" type="xdouble" value="2.5"/>
</config>
<entry key="distance" type="xint" value="0"/>
<entry key="not_shrunk" type="xboolean" value="false"/>
<entry key="standard_deviation" type="xdouble" value="3.108608273979617"/>
</config>
<config key="Rule_12">
<entry key="row_id" type="xstring" value="Rule_12"/>
<config key="class_label">
<entry key="datacell" type="xstring" value="org.knime.core.data.def.StringCell"/>
<config key="org.knime.core.data.def.StringCell">
<entry key="StringCell" type="xstring" value="Iris-virginica"/>
</config>
</config>
<entry key="dont_know_class" type="xdouble" value="0.75"/>
<entry key="correct_covered" type="xint" value="1"/>
<entry key="wrong_covered" type="xint" value="0"/>
<entry key="within-cluster_variance" type="xdouble" value="0.0"/>
<config key="center">
<entry key="array-size" type="xint" value="4"/>
<entry key="0" type="xdouble" value="6.9"/>
<entry key="1" type="xdouble" value="3.1"/>
<entry key="2" type="xdouble" value="5.1"/>
<entry key="3" type="xdouble" value="2.3"/>
</config>
<entry key="distance" type="xint" value="0"/>
<entry key="not_shrunk" type="xboolean" value="false"/>
<entry key="standard_deviation" type="xdouble" value="1.5374395785889925"/>
</config>
<config key="Rule_27">
<entry key="row_id" type="xstring" value="Rule_27"/>
<config key="class_label">
<entry key="datacell" type="xstring" value="org.knime.core.data.def.StringCell"/>
<config key="org.knime.core.data.def.StringCell">
<entry key="StringCell" type="xstring" value="Iris-virginica"/>
</config>
</config>
<entry key="dont_know_class" type="xdouble" value="0.75"/>
<entry key="correct_covered" type="xint" value="1"/>
<entry key="wrong_covered" type="xint" value="0"/>
<entry key="within-cluster_variance" type="xdouble" value="0.0"/>
<config key="center">
<entry key="array-size" type="xint" value="4"/>
<entry key="0" type="xdouble" value="6.4"/>
<entry key="1" type="xdouble" value="2.7"/>
<entry key="2" type="xdouble" value="5.3"/>
<entry key="3" type="xdouble" value="1.9"/>
</config>
<entry key="distance" type="xint" value="0"/>
<entry key="not_shrunk" type="xboolean" value="false"/>
<entry key="standard_deviation" type="xdouble" value="1.1340820137051004"/>
</config>
<config key="Rule_28">
<entry key="row_id" type="xstring" value="Rule_28"/>
<config key="class_label">
<entry key="datacell" type="xstring" value="org.knime.core.data.def.StringCell"/>
<config key="org.knime.core.data.def.StringCell">
<entry key="StringCell" type="xstring" value="Iris-virginica"/>
</config>
</config>
<entry key="dont_know_class" type="xdouble" value="0.75"/>
<entry key="correct_covered" type="xint" value="1"/>
<entry key="wrong_covered" type="xint" value="0"/>
<entry key="within-cluster_variance" type="xdouble" value="0.0"/>
<config key="center">
<entry key="array-size" type="xint" value="4"/>
<entry key="0" type="xdouble" value="5.8"/>
<entry key="1" type="xdouble" value="2.8"/>
<entry key="2" type="xdouble" value="5.1"/>
<entry key="3" type="xdouble" value="2.4"/>
</config>
<entry key="distance" type="xint" value="0"/>
<entry key="not_shrunk" type="xboolean" value="false"/>
<entry key="standard_deviation" type="xdouble" value="2.03384139036721"/>
</config>
<config key="Rule_29">
<entry key="row_id" type="xstring" value="Rule_29"/>
<config key="class_label">
<entry key="datacell" type="xstring" value="org.knime.core.data.def.StringCell"/>
<config key="org.knime.core.data.def.StringCell">
<entry key="StringCell" type="xstring" value="Iris-virginica"/>
</config>
</config>
<entry key="dont_know_class" type="xdouble" value="0.75"/>
<entry key="correct_covered" type="xint" value="3"/>
<entry key="wrong_covered" type="xint" value="0"/>
<entry key="within-cluster_variance" type="xdouble" value="0.2799999999999998"/>
<config key="center">
<entry key="array-size" type="xint" value="4"/>
<entry key="0" type="xdouble" value="6.4"/>
<entry key="1" type="xdouble" value="3.2"/>
<entry key="2" type="xdouble" value="5.3"/>
<entry key="3" type="xdouble" value="2.3"/>
</config>
<entry key="distance" type="xint" value="0"/>
<entry key="not_shrunk" type="xboolean" value="false"/>
<entry key="standard_deviation" type="xdouble" value="1.9195372011474892"/>
</config>
<config key="Rule_30">
<entry key="row_id" type="xstring" value="Rule_30"/>
<config key="class_label">
<entry key="datacell" type="xstring" value="org.knime.core.data.def.StringCell"/>
<config key="org.knime.core.data.def.StringCell">
<entry key="StringCell" type="xstring" value="Iris-virginica"/>
</config>
</config>
<entry key="dont_know_class" type="xdouble" value="0.75"/>
<entry key="correct_covered" type="xint" value="4"/>
<entry key="wrong_covered" type="xint" value="0"/>
<entry key="within-cluster_variance" type="xdouble" value="1.5800000000000007"/>
<config key="center">
<entry key="array-size" type="xint" value="4"/>
<entry key="0" type="xdouble" value="7.7"/>
<entry key="1" type="xdouble" value="3.8"/>
<entry key="2" type="xdouble" value="6.7"/>
<entry key="3" type="xdouble" value="2.2"/>
</config>
<entry key="distance" type="xint" value="0"/>
<entry key="not_shrunk" type="xboolean" value="false"/>
<entry key="standard_deviation" type="xdouble" value="4.11018845728046"/>
</config>
<config key="Rule_31">
<entry key="row_id" type="xstring" value="Rule_31"/>
<config key="class_label">
<entry key="datacell" type="xstring" value="org.knime.core.data.def.StringCell"/>
<config key="org.knime.core.data.def.StringCell">
<entry key="StringCell" type="xstring" value="Iris-virginica"/>
</config>
</config>
<entry key="dont_know_class" type="xdouble" value="0.75"/>
<entry key="correct_covered" type="xint" value="1"/>
<entry key="wrong_covered" type="xint" value="0"/>
<entry key="within-cluster_variance" type="xdouble" value="0.0"/>
<config key="center">
<entry key="array-size" type="xint" value="4"/>
<entry key="0" type="xdouble" value="5.6"/>
<entry key="1" type="xdouble" value="2.8"/>
<entry key="2" type="xdouble" value="4.9"/>
<entry key="3" type="xdouble" value="2.0"/>
</config>
<entry key="distance" type="xint" value="0"/>
<entry key="not_shrunk" type="xboolean" value="false"/>
<entry key="standard_deviation" type="xdouble" value="1.2506905186943709"/>
</config>
<config key="Rule_33">
<entry key="row_id" type="xstring" value="Rule_33"/>
<config key="class_label">
<entry key="datacell" type="xstring" value="org.knime.core.data.def.StringCell"/>
<config key="org.knime.core.data.def.StringCell">
<entry key="StringCell" type="xstring" value="Iris-virginica"/>
</config>
</config>
<entry key="dont_know_class" type="xdouble" value="0.75"/>
<entry key="correct_covered" type="xint" value="2"/>
<entry key="wrong_covered" type="xint" value="0"/>
<entry key="within-cluster_variance" type="xdouble" value="0.02999999999999996"/>
<config key="center">
<entry key="array-size" type="xint" value="4"/>
<entry key="0" type="xdouble" value="6.2"/>
<entry key="1" type="xdouble" value="2.8"/>
<entry key="2" type="xdouble" value="4.8"/>
<entry key="3" type="xdouble" value="1.8"/>
</config>
<entry key="distance" type="xint" value="0"/>
<entry key="not_shrunk" type="xboolean" value="false"/>
<entry key="standard_deviation" type="xdouble" value="0.8337936791295801"/>
</config>
<config key="Rule_34">
<entry key="row_id" type="xstring" value="Rule_34"/>
<config key="class_label">
<entry key="datacell" type="xstring" value="org.knime.core.data.def.StringCell"/>
<config key="org.knime.core.data.def.StringCell">
<entry key="StringCell" type="xstring" value="Iris-virginica"/>
</config>
</config>
<entry key="dont_know_class" type="xdouble" value="0.75"/>
<entry key="correct_covered" type="xint" value="1"/>
<entry key="wrong_covered" type="xint" value="0"/>
<entry key="within-cluster_variance" type="xdouble" value="0.02000000000000004"/>
<config key="center">
<entry key="array-size" type="xint" value="4"/>
<entry key="0" type="xdouble" value="6.1"/>
<entry key="1" type="xdouble" value="3.0"/>
<entry key="2" type="xdouble" value="4.9"/>
<entry key="3" type="xdouble" value="1.8"/>
</config>
<entry key="distance" type="xint" value="0"/>
<entry key="not_shrunk" type="xboolean" value="false"/>
<entry key="standard_deviation" type="xdouble" value="0.968780710032563"/>
</config>
<config key="Rule_35">
<entry key="row_id" type="xstring" value="Rule_35"/>
<config key="class_label">
<entry key="datacell" type="xstring" value="org.knime.core.data.def.StringCell"/>
<config key="org.knime.core.data.def.StringCell">
<entry key="StringCell" type="xstring" value="Iris-virginica"/>
</config>
</config>
<entry key="dont_know_class" type="xdouble" value="0.75"/>
<entry key="correct_covered" type="xint" value="1"/>
<entry key="wrong_covered" type="xint" value="0"/>
<entry key="within-cluster_variance" type="xdouble" value="0.0"/>
<config key="center">
<entry key="array-size" type="xint" value="4"/>
<entry key="0" type="xdouble" value="7.2"/>
<entry key="1" type="xdouble" value="3.0"/>
<entry key="2" type="xdouble" value="5.8"/>
<entry key="3" type="xdouble" value="1.6"/>
</config>
<entry key="distance" type="xint" value="0"/>
<entry key="not_shrunk" type="xboolean" value="false"/>
<entry key="standard_deviation" type="xdouble" value="1.7882882141980434"/>
</config>
<config key="Rule_36">
<entry key="row_id" type="xstring" value="Rule_36"/>
<config key="class_label">
<entry key="datacell" type="xstring" value="org.knime.core.data.def.StringCell"/>
<config key="org.knime.core.data.def.StringCell">
<entry key="StringCell" type="xstring" value="Iris-virginica"/>
</config>
</config>
<entry key="dont_know_class" type="xdouble" value="0.75"/>
<entry key="correct_covered" type="xint" value="1"/>
<entry key="wrong_covered" type="xint" value="0"/>
<entry key="within-cluster_variance" type="xdouble" value="0.0"/>
<config key="center">
<entry key="array-size" type="xint" value="4"/>
<entry key="0" type="xdouble" value="6.9"/>
<entry key="1" type="xdouble" value="3.1"/>
<entry key="2" type="xdouble" value="5.4"/>
<entry key="3" type="xdouble" value="2.1"/>
</config>
<entry key="distance" type="xint" value="0"/>
<entry key="not_shrunk" type="xboolean" value="false"/>
<entry key="standard_deviation" type="xdouble" value="1.4561580590846404"/>
</config>
<config key="Rule_37">
<entry key="row_id" type="xstring" value="Rule_37"/>
<config key="class_label">
<entry key="datacell" type="xstring" value="org.knime.core.data.def.StringCell"/>
<config key="org.knime.core.data.def.StringCell">
<entry key="StringCell" type="xstring" value="Iris-virginica"/>
</config>
</config>
<entry key="dont_know_class" type="xdouble" value="0.75"/>
<entry key="correct_covered" type="xint" value="1"/>
<entry key="wrong_covered" type="xint" value="0"/>
<entry key="within-cluster_variance" type="xdouble" value="0.0"/>
<config key="center">
<entry key="array-size" type="xint" value="4"/>
<entry key="0" type="xdouble" value="6.3"/>
<entry key="1" type="xdouble" value="2.5"/>
<entry key="2" type="xdouble" value="5.0"/>
<entry key="3" type="xdouble" value="1.9"/>
</config>
<entry key="distance" type="xint" value="0"/>
<entry key="not_shrunk" type="xboolean" value="false"/>
<entry key="standard_deviation" type="xdouble" value="0.7687197892944962"/>
</config>
<config key="Rule_38">
<entry key="row_id" type="xstring" value="Rule_38"/>
<config key="class_label">
<entry key="datacell" type="xstring" value="org.knime.core.data.def.StringCell"/>
<config key="org.knime.core.data.def.StringCell">
<entry key="StringCell" type="xstring" value="Iris-virginica"/>
</config>
</config>
<entry key="dont_know_class" type="xdouble" value="0.75"/>
<entry key="correct_covered" type="xint" value="2"/>
<entry key="wrong_covered" type="xint" value="0"/>
<entry key="within-cluster_variance" type="xdouble" value="0.07999999999999943"/>
<config key="center">
<entry key="array-size" type="xint" value="4"/>
<entry key="0" type="xdouble" value="5.9"/>
<entry key="1" type="xdouble" value="3.0"/>
<entry key="2" type="xdouble" value="5.1"/>
<entry key="3" type="xdouble" value="1.8"/>
</config>
<entry key="distance" type="xint" value="0"/>
<entry key="not_shrunk" type="xboolean" value="false"/>
<entry key="standard_deviation" type="xdouble" value="1.2781815064722366"/>
</config>
</config>
<config key="model_spec">
<config key="sepal_length_in_cm">
<entry key="column_name" type="xstring" value="sepal_length_in_cm"/>
<config key="element_names">
<entry key="array-size" type="xint" value="0"/>
</config>
<config key="column_type">
<entry key="cell_class" type="xstring" value="org.knime.core.data.def.DoubleCell"/>
</config>
<config key="column_domain">
<config key="lower_bound">
<entry key="datacell" type="xstring" value="org.knime.core.data.def.DoubleCell"/>
<config key="org.knime.core.data.def.DoubleCell">
<entry key="DoubleCell" type="xdouble" value="4.3"/>
</config>
</config>
<config key="upper_bound">
<entry key="datacell" type="xstring" value="org.knime.core.data.def.DoubleCell"/>
<config key="org.knime.core.data.def.DoubleCell">
<entry key="DoubleCell" type="xdouble" value="7.9"/>
</config>
</config>
</config>
<config key="column_properties"/>
</config>
<config key="sepal_width_in_cm">
<entry key="column_name" type="xstring" value="sepal_width_in_cm"/>
<config key="element_names">
<entry key="array-size" type="xint" value="0"/>
</config>
<config key="column_type">
<entry key="cell_class" type="xstring" value="org.knime.core.data.def.DoubleCell"/>
</config>
<config key="column_domain">
<config key="lower_bound">
<entry key="datacell" type="xstring" value="org.knime.core.data.def.DoubleCell"/>
<config key="org.knime.core.data.def.DoubleCell">
<entry key="DoubleCell" type="xdouble" value="2.0"/>
</config>
</config>
<config key="upper_bound">
<entry key="datacell" type="xstring" value="org.knime.core.data.def.DoubleCell"/>
<config key="org.knime.core.data.def.DoubleCell">
<entry key="DoubleCell" type="xdouble" value="4.4"/>
</config>
</config>
</config>
<config key="column_properties"/>
</config>
<config key="petal_length_in_cm">
<entry key="column_name" type="xstring" value="petal_length_in_cm"/>
<config key="element_names">
<entry key="array-size" type="xint" value="0"/>
</config>
<config key="column_type">
<entry key="cell_class" type="xstring" value="org.knime.core.data.def.DoubleCell"/>
</config>
<config key="column_domain">
<config key="lower_bound">
<entry key="datacell" type="xstring" value="org.knime.core.data.def.DoubleCell"/>
<config key="org.knime.core.data.def.DoubleCell">
<entry key="DoubleCell" type="xdouble" value="1.0"/>
</config>
</config>
<config key="upper_bound">
<entry key="datacell" type="xstring" value="org.knime.core.data.def.DoubleCell"/>
<config key="org.knime.core.data.def.DoubleCell">
<entry key="DoubleCell" type="xdouble" value="6.9"/>
</config>
</config>
</config>
<config key="column_properties"/>
</config>
<config key="petal_width_in_cm">
<entry key="column_name" type="xstring" value="petal_width_in_cm"/>
<config key="element_names">
<entry key="array-size" type="xint" value="0"/>
</config>
<config key="column_type">
<entry key="cell_class" type="xstring" value="org.knime.core.data.def.DoubleCell"/>
</config>
<config key="column_domain">
<config key="lower_bound">
<entry key="datacell" type="xstring" value="org.knime.core.data.def.DoubleCell"/>
<config key="org.knime.core.data.def.DoubleCell">
<entry key="DoubleCell" type="xdouble" value="0.1"/>
</config>
</config>
<config key="upper_bound">
<entry key="datacell" type="xstring" value="org.knime.core.data.def.DoubleCell"/>
<config key="org.knime.core.data.def.DoubleCell">
<entry key="DoubleCell" type="xdouble" value="2.5"/>
</config>
</config>
</config>
<config key="column_properties"/>
</config>
<config key="class">
<entry key="column_name" type="xstring" value="class"/>
<config key="element_names">
<entry key="array-size" type="xint" value="0"/>
</config>
<config key="column_type">
<entry key="cell_class" type="xstring" value="org.knime.core.data.def.StringCell"/>
</config>
<config key="column_domain">
<config key="possible_values">
<entry key="array-size" type="xint" value="3"/>
<config key="0">
<entry key="datacell" type="xstring" value="org.knime.core.data.def.StringCell"/>
<config key="org.knime.core.data.def.StringCell">
<entry key="StringCell" type="xstring" value="Iris-setosa"/>
</config>
</config>
<config key="1">
<entry key="datacell" type="xstring" value="org.knime.core.data.def.StringCell"/>
<config key="org.knime.core.data.def.StringCell">
<entry key="StringCell" type="xstring" value="Iris-versicolor"/>
</config>
</config>
<config key="2">
<entry key="datacell" type="xstring" value="org.knime.core.data.def.StringCell"/>
<config key="org.knime.core.data.def.StringCell">
<entry key="StringCell" type="xstring" value="Iris-virginica"/>
</config>
</config>
</config>
</config>
<config key="column_properties"/>
<config key="color_handler">
<entry key="color_model_class" type="xstring" value="org.knime.core.data.property.ColorModelNominal"/>
<config key="color_model">
<config key="keys">
<config key="Iris-setosa">
<entry key="datacell" type="xstring" value="org.knime.core.data.def.StringCell"/>
<config key="org.knime.core.data.def.StringCell">
<entry key="StringCell" type="xstring" value="Iris-setosa"/>
</config>
</config>
<config key="Iris-versicolor">
<entry key="datacell" type="xstring" value="org.knime.core.data.def.StringCell"/>
<config key="org.knime.core.data.def.StringCell">
<entry key="StringCell" type="xstring" value="Iris-versicolor"/>
</config>
</config>
<config key="Iris-virginica">
<entry key="datacell" type="xstring" value="org.knime.core.data.def.StringCell"/>
<config key="org.knime.core.data.def.StringCell">
<entry key="StringCell" type="xstring" value="Iris-virginica"/>
</config>
</config>
</config>
<entry key="Iris-setosa" type="xint" value="-65536"/>
<entry key="Iris-versicolor" type="xint" value="-16711936"/>
<entry key="Iris-virginica" type="xint" value="-16776961"/>
</config>
</config>
</config>
<config key="Weight">
<entry key="column_name" type="xstring" value="Weight"/>
<config key="element_names">
<entry key="array-size" type="xint" value="0"/>
</config>
<config key="column_type">
<entry key="cell_class" type="xstring" value="org.knime.core.data.def.IntCell"/>
</config>
<config key="column_domain"/>
<config key="column_properties"/>
</config>
<config key="Spread">
<entry key="column_name" type="xstring" value="Spread"/>
<config key="element_names">
<entry key="array-size" type="xint" value="0"/>
</config>
<config key="column_type">
<entry key="cell_class" type="xstring" value="org.knime.core.data.def.DoubleCell"/>
</config>
<config key="column_domain"/>
<config key="column_properties"/>
</config>
<config key="Features">
<entry key="column_name" type="xstring" value="Features"/>
<config key="element_names">
<entry key="array-size" type="xint" value="0"/>
</config>
<config key="column_type">
<entry key="cell_class" type="xstring" value="org.knime.core.data.def.IntCell"/>
</config>
<config key="column_domain"/>
<config key="column_properties"/>
</config>
<config key="Variance">
<entry key="column_name" type="xstring" value="Variance"/>
<config key="element_names">
<entry key="array-size" type="xint" value="0"/>
</config>
<config key="column_type">
<entry key="cell_class" type="xstring" value="org.knime.core.data.def.DoubleCell"/>
</config>
<config key="column_domain"/>
<config key="column_properties"/>
</config>
</config>
</config>
</config>
