<?xml version="1.0" encoding="UTF-8"?>
<config xmlns="http://www.knime.org/2008/09/XMLConfig" xmlns:xsi="http://www.w3.org/2001/XMLSchema-instance" xsi:schemaLocation="http://www.knime.org/2008/09/XMLConfig http://www.knime.org/XMLConfig_2008_09.xsd" key="filestore">
<config key="filestore_keys">
<config key="filestore_key_0">
<entry key="storeUUID" type="xstring" value="cd69b54c-8efc-4375-b638-96ba7da8d920"/>
<entry key="index" type="xint" value="4"/>
<entry key="name" type="xstring" value="TreeEnsemble"/>
<entry key="iterationIndex" type="xint" value="4"/>
<config key="nestedLoopPath">
<entry key="array-size" type="xint" value="0"/>
</config>
</config>
</config>
</config>
