<?xml version="1.0" encoding="UTF-8"?>
<config xmlns="http://www.knime.org/2008/09/XMLConfig" xmlns:xsi="http://www.w3.org/2001/XMLSchema-instance" xsi:schemaLocation="http://www.knime.org/2008/09/XMLConfig http://www.knime.org/XMLConfig_2008_09.xsd" key="model.xml">
<entry key="version" type="xint" value="1"/>
<entry key="class_name" type="xstring" value="org.knime.base.data.normalize.NormalizerPortObject"/>
<config key="model">
<config key="columns">
<config key="age">
<entry key="column_name" type="xstring" value="age"/>
<entry key="column_scale" type="xdouble" value="0.07293674741358774"/>
<entry key="column_translate" type="xdouble" value="-2.8185374303023907"/>
<entry key="column_min" type="xdouble" value="NaN"/>
<entry key="column_max" type="xdouble" value="NaN"/>
</config>
<config key="education-num">
<entry key="column_name" type="xstring" value="education-num"/>
<entry key="column_scale" type="xdouble" value="0.3889578362216573"/>
<entry key="column_translate" type="xdouble" value="-3.919951508020427"/>
<entry key="column_min" type="xdouble" value="NaN"/>
<entry key="column_max" type="xdouble" value="NaN"/>
</config>
<config key="capital-gain">
<entry key="column_name" type="xstring" value="capital-gain"/>
<entry key="column_scale" type="xdouble" value="1.341918199971191E-4"/>
<entry key="column_translate" type="xdouble" value="-0.14480204866287802"/>
<entry key="column_min" type="xdouble" value="NaN"/>
<entry key="column_max" type="xdouble" value="NaN"/>
</config>
<config key="capital-loss">
<entry key="column_name" type="xstring" value="capital-loss"/>
<entry key="column_scale" type="xdouble" value="0.002481361549711267"/>
<entry key="column_translate" type="xdouble" value="-0.21712487643457318"/>
<entry key="column_min" type="xdouble" value="NaN"/>
<entry key="column_max" type="xdouble" value="NaN"/>
</config>
<config key="hours-per-week">
<entry key="column_name" type="xstring" value="hours-per-week"/>
<entry key="column_scale" type="xdouble" value="0.08070084471533913"/>
<entry key="column_translate" type="xdouble" value="-3.262120403135442"/>
<entry key="column_min" type="xdouble" value="NaN"/>
<entry key="column_max" type="xdouble" value="NaN"/>
</config>
</config>
<entry key="summary" type="xstring" value="Z-Score (Gaussian) normalization on 5 column(s)"/>
</config>
</config>
